[
    {
        "relation": "per:cities_of_residence",
        "text": [
            "military intelligence officials believe he controls an abu sayyaf unit operating on [E21] jolo [E22] island , although [E11] he [E12] still receives guidance from other rebel elders , including jumdail .",
            "from an online chat room , they chose [E11] michael j. sandy [E12] , 29 , a designer from [E21] williamsburg [E22] .",
            "over the next four decades , [E11] washburn [E12] reshaped the museum , shepherding it from its back bay location to a new site -- under a new name , the museum of science -- along the [E21] charles river [E22] on the border of boston and cambridge , mass. , and increased the size of its staff substantially ."
        ]
    },
    {
        "relation": "per:other_family",
        "text": [
            "with : gillian anderson -lrb- jean maclestone -rrb- , alan cumming -lrb- [E11] dewey [E12] -rrb- , heather graham -lrb- beth freemantle -rrb- , danny huston -lrb- art spindle -rrb- , jack huston -lrb- jo richards -rrb- , christopher lee -lrb- alfred rhinegold -rrb- , joanna lumley -lrb- alfreda rhinegold -rrb- , simon mcburney -lrb- robert friegn -rrb- , meredith ostrom -lrb- joany -rrb- , charlotte rampling -lrb- emille -rrb- , amanda seyfried -lrb- paige prideaux -rrb- , stellan skarsgard -lrb- [E21] bob maclestone [E22] -rrb- and jaime winstone -lrb- elaine -rrb- .",
            "jennifer aniton dating [E11] paul sculfor [E12] has less impact on [E21] her [E22] career than if she were dating rosie o'donnell , do you think she would still get to play those romantic comedy parts ?",
            "carson is the democratic nominee in a march 11th special election to succeed [E11] his [E12] late grandmother , [E21] julia carson [E22] , representing indiana 's 7th district ."
        ]
    },
    {
        "relation": "org:founded",
        "text": [
            "wilhelmina cole holladay , an art collector , founded [E11] it [E12] in [E21] 1981 [E22] .",
            "another outgrowth of his research was the creation in [E21] 1975 [E22] of the [E11] federal election commission [E12] , the agency responsible for enforcing federal campaign finance laws .",
            "a us-proposed [E11] nsg [E12] rule exemption would allow india to acquire nuclear technology and material previously off limits to it following new delhi 's nuclear test explosion in [E21] 1974 [E22] and refusal to allow full-scope international safeguards , experts say ."
        ]
    },
    {
        "relation": "per:origin",
        "text": [
            "cuba 's [E11] raul castro [E12] to make venezuela first overseas trip raul castro is scheduled to attend a december 14 summit in caracas by the bolivarian alternative for the americas , a [E21] latin american [E22] trade bloc , chacon told a media conference on tuesday .",
            "[E21] cuban [E22] president [E11] raul castro [E12] announced monday he was commuting the death sentences of an unspecified number of inmates , including a salvadoran and a guatemalan linked to a 1997 bombing .",
            "wen was detained in august and accused of protecting the gang operations masterminded by his sister-in-law , [E11] xie caiping [E12] , 46 , known as the `` godmother '' of the [E21] chinese [E22] underworld ."
        ]
    },
    {
        "relation": "per:cause_of_death",
        "text": [
            "in a second statement read to the inquest jury , [E11] jupp [E12] 's wife pat said her husband appeared to have realized instantly his [E21] injuries [E22] would likely be fatal -- asking a colleague to call her and tell her he loved her .",
            "republican u.s. rep. jo ann davis has died after a two-year battle with [E21] breast cancer [E22] , [E11] her [E12] office said .",
            "[E11] jupp [E12] , 46 , worked for the military 's forensic explosive laboratory and suffered severe [E21] burns [E22] when a crude bomb spontaneously exploded during the tests on aug 14 , 2002 ."
        ]
    },
    {
        "relation": "org:dissolved",
        "text": [
            "those records include 46 pounds of phone bills of some 10,000 clients of her business , [E11] pamela martin and associates [E12] , from 1993 to [E21] august 2006 [E22] , sibley said .",
            "pandit received about $ 165.2 million in connection with the sale of [E11] old lane partners [E12] , the investment firm citigroup bought [E21] last april [E22] for as much as $ 800 million to lure him to the company .",
            "at [E11] countrywide [E12] , which is finishing up a round of 12,000 job cuts , chief executive angelo mozilo said in announcing the bank of america takeover [E21] last week [E22] that the housing and mortgage sectors were being strained `` as never seen since the great depression . ''"
        ]
    },
    {
        "relation": "per:employee_of",
        "text": [
            "in a sign of democratic thinking , rep. [E11] carolyn maloney [E12] , who heads [E21] congress 's joint economic committee [E22] , said democrats would consider new aid to states , an `` infrastructure bank '' to increase construction jobs and small business tax credits .",
            "formula one : [E11] hamilton [E12] unscathed after test crash the 22-year-old shrugged off the incident which inflicted serious damage on the mp4-22 - the car [E21] mclaren [E22] are pinning their hopes on challenging for the title with hamilton and world champion fernando alonso .",
            "in talks this spring with health and human services secretary mike leavitt , [E21] white house national economic council [E22] director [E11] al hubbard [E12] and hubbard 's deputy , keith hennessey , grassley discussed linking an extension of the 10-year-old schip program to a more ambitious effort to address the adult uninsured ."
        ]
    },
    {
        "relation": "org:member_of",
        "text": [
            "at the request of local environmentalists , the taipei high administrative court ordered the environmental protection administration -lrb- epa -rrb- , the [E21] national science council [E22] -lrb- [E11] nsc [E12] -rrb- and the central taiwan science park administration -lrb- ctspa -rrb- july 30 to suspend the development of both the houli and the erlin branches .",
            "bond insurer [E11] mbia inc. [E12] surprised [E21] wall street [E22] on wednesday with a second-quarter profit , which it says was partly fueled by the addition of new clients in its advisory business .",
            "[E11] faw [E12] , already a partner with [E21] volkswagen ag [E22] , toyota and mazda , will not only cooperate with overseas companies , but also continue to develop its own brands , faw 's general manager zhu yanfeng said ."
        ]
    },
    {
        "relation": "per:parents",
        "text": [
            "malawian judge approves [E21] madonna [E22] ' s application to adopt toddler david banda nyirenda said he was satisfied madonna and her british filmmaker husband , guy ritchie , `` are perfect parents '' for [E11] david banda [E12] , who turns 3 in november .",
            "he is survived by [E21] his [E22] wife of 63 years , josephine robinson mcnair , of columbia ; a son , [E11] robert e. jr. [E12] , of columbia ; three daughters , robin lee howell and corinne godshall , of myrtle beach , s.c. , and claudia crawford mcnair , of jamestown , s.c. ; six grandchildren ; and one great-grandchild .",
            "[E11] yolanda king [E12] , daughter of civil rights leader [E21] martin luther king jr. [E22] , dies"
        ]
    },
    {
        "relation": "per:alternate_names",
        "text": [
            "i 'm very surprised that his bff and wingman [E21] frankie delgado [E22] did n't tag along on this trip ... as much as brody is down with cora , i 'm sure he misses his buddy [E11] frankie [E12] really bad .",
            "col. [E11] jefferson j. deblanc sr. [E12] , 86 , a retired marine corps fighter pilot who received the medal of honor after shooting down five japanese warplanes during a world war [E21] ii [E22] mission over the pacific , died november 22 -lsb- 2007 -rsb- of complications from pneumonia at lafayette general medical center in lafayette , louisiana .",
            "enter rep. [E21] carolyn maloney [E22] , d-n.y. polling suggests that maloney and gillibrand begin the race essentially tied , and [E11] maloney [E12] has already shown a willingness to take after her former house colleague in public ."
        ]
    },
    {
        "relation": "org:top_members/employees",
        "text": [
            "`` i 'd be cautious about saying the wheat rally is over , '' said [E21] richard feltes [E22] , senior vice president and director of commodity research for [E11] mf global [E12] in chicago .",
            "`` this forecast also assumes an effective policy tightening in china and some slowdown from that , '' [E21] david burton [E22] , director of the [E11] imf [E12] asia and pacific department , said at a news briefing here .",
            "angola 's main opposition [E11] unita [E12] has retained [E21] isaias samakuva [E22] as its leader despite the party 's rout in the first peactime elections in the oil-rich southern african nation ."
        ]
    },
    {
        "relation": "per:siblings",
        "text": [
            "besides his brother , of minneapolis , [E11] nolte [E12] is survived by his wife of 62 years , the former jeanne mcquarrie ; four sons , charles , of fairfield , conn ; roger , of gilbertsville , pa ; douglas , of san francisco ; and jameson , of denver ; two sisters , [E21] mimi krebs [E22] of marblehead , mass",
            "the abduction , two weeks ago , occurred shortly after [E11] his [E12] sister , [E21] patricia gonzalez [E22] , stepped down as attorney general of northern chihuahua state .",
            "[E11] his [E12] younger brother , [E21] sadegh larijani [E22] , is a cleric who is a member of the the islamic republic 's main vetting body , the guardians council ."
        ]
    },
    {
        "relation": "per:stateorprovinces_of_residence",
        "text": [
            "two nephews , then [E21] maryland [E22] state sen. clarence m. mitchell iii and [E11] his [E12] brother , state sen. michael b. mitchell , were convicted in federal court in 1987 of accepting $ 50,000 from the wedtech corp. to obstruct a house small business committee investigation of the bronx-based defense contractor .",
            "[E11] robert mcnair [E12] , governor of [E21] south carolina [E22] in the '60s , 83",
            "[E11] ahearn [E12] then joined the senatorial campaign of john warner , r-va , and moved to [E21] washington [E22] after warner was elected in 1978 ."
        ]
    },
    {
        "relation": "org:alternate_names",
        "text": [
            "[E21] tpi [E22] founder prachai leophairatana got three years behind bars for misleading the public about the valuation of subsidiary [E11] tpipl [E12] 's share prices when it was floated in 2003 .",
            "in the sale of unit [E21] american life insurance company [E22] -lrb- [E11] alico [E12] -rrb- to metlife , inc. , aig raised about 16.2 billion dollars , including about 7.2 billion dollars in cash .",
            "giving it additional importance , the 57-nation organisation of the [E21] islamic conference [E22] -lrb- [E11] oic [E12] -rrb- recognises the mnlf as the sole representative of minority muslims in this overwhlemingly catholic nation ."
        ]
    },
    {
        "relation": "org:country_of_headquarters",
        "text": [
            "nasmark sdn bhd , a distributor of peter pan peanut butter produced by [E21] us-based [E22] [E11] conagra foods [E12] inc , has recalled the product in malaysia as the us food and drug administration -lrb- fda -rrb- warned that the peanut butter may be contaminated with salmonella .",
            "[E21] china [E22] 's power consumption rose 27.6 percent year on year in november to 328.4 billion kilowatt-hours , up for the sixth consecutive month , the [E11] national energy administration [E12] said monday .",
            "[E21] india [E22] 's largest private sector aluminium producer [E11] hindalco industries [E12] fell three rupees or 266 percent to 10985 as the company announced a 198 billion rupees -lrb- 435 billion dollar -rrb- capital expansion over the next three years ."
        ]
    },
    {
        "relation": "per:country_of_birth",
        "text": [
            "the strongly worded comments by [E11] mohamed elbaradei [E12] , who runs the international atomic energy agency -lrb- iaea -rrb- , followed a warning by the french foreign minister that the world should brace itself for a possible war with [E21] iran [E22] .",
            "kaiser 's parents had emigrated in 1905 from [E21] ukraine [E22] , then part of russia , where [E11] his [E12] four oldest siblings were born .",
            "in testimony by satellite link from [E21] germany [E22] to a house of representatives ' panel , [E11] murat kurnaz [E12] recounted his five-year detention , alleging a wide range of torture and abuse ."
        ]
    },
    {
        "relation": "per:children",
        "text": [
            "[E21] alex [E22] is a cuban immigrant who was adopted by pancho duque -lrb- [E11] hector elizondo [E12] -rrb- and his wife , amalia -lrb- rita moreno -rrb- , after his parents died .",
            "[E11] carolyn goodman [E12] , the mother of one of three civil rights workers killed by the ku klux klan in the renowned `` mississippi burning '' case , died friday , her son [E21] jonathan [E22] said .",
            "[E11] goodman [E12] 's son [E21] andrew [E22] was killed june 21 , 1964 , in central mississippi 's neshoba county , along with fellow civil rights workers michael schwerner and james chaney ."
        ]
    },
    {
        "relation": "per:date_of_birth",
        "text": [
            "the company , which [E11] baldino [E12] founded in [E21] 1987 [E22] , sells a variety of drugs , including some that are used to treat pain and sleepiness .",
            "[E11] mary dent [E12] was born in allentown , pa. , in [E21] 1923 [E22] , to elizabeth patch dent and harry dent .",
            "[E11] philip mayer kaiser [E12] was born in brooklyn , new york , on [E21] july 12 , 1913 [E22] , the ninth of 10 children of moishe bear and tema kaiser ."
        ]
    },
    {
        "relation": "org:founded_by",
        "text": [
            "[E11] tpi [E12] founder [E21] prachai leophairatana [E22] got three years behind bars for misleading the public about the valuation of subsidiary tpipl 's share prices when it was floated in 2003 .",
            "[E11] hanley denning [E12] , 36 , founded [E21] safe passage [E22] , which helps children who live in the guatemala city slums .",
            "still , pandit collected a windfall from selling [E21] his [E22] investment fund , [E11] old lane partners [E12] , to citigroup for $ 800 million in april 2007 ."
        ]
    },
    {
        "relation": "per:countries_of_residence",
        "text": [
            "[E21] cuba [E22] believes [E11] he [E12] is a spy .",
            "the parliament committee is investigating claims by [E11] murnat kurnaz [E12] , a german-born turk , that the [E21] german [E22] government led by former chancellor gerhard schroeder turned down an offer by u.s. authorities to free him from the notorious u.s. prison camp in guantanamo bay .",
            "dutch newspaper brabants dagblad said the boy was probably [E11] ruben van assouw [E12] from tilburg in the southern [E21] netherlands [E22] who had been on safari in south africa with his mother trudy , 41 , father patrick , 40 , and brother enzo , 11 ."
        ]
    },
    {
        "relation": "per:schools_attended",
        "text": [
            "there is vigorous discussion , debate and activity coming from fidel castro , [E11] raul castro [E12] , carlos lage and ricardo alarcon down to the workers and its [E21] ctc [E22] , from the social workers , and youth reporters from juventud rebelde , from intellectuals and researchers .",
            "[E11] bolin [E12] was the first black woman to graduate from [E21] yale law school [E22] , the first to join the new york city bar association , and the first to work in the office of the new york city corporation counsel , the city 's legal department .",
            "[E11] he [E12] graduated from what is now [E21] morgan state university [E22] and applied to enter the graduate program of the university of maryland at college park ."
        ]
    },
    {
        "relation": "org:subsidiaries",
        "text": [
            "india 's largest aluminium company [E11] hindalco [E12] fell for the second straight day , shedding 7.35 rupees or 4.92 percent to 142.10 in the wake of its successful purchase of canadian-based [E21] novelis [E22] for six billion dollars last week .",
            "taiwan 's envoy to hk to assume post soon after finally getting visa yang , who originally headed the mac 's [E21] department of legal affairs [E22] , will replace pao cheng-kang as managing director of chung hwa travel service , the formal title of taiwan 's representative office in hong kong , the [E11] mac [E12] sources said .",
            "onscreen as madeline westen , the mother of superspy michael westen on [E11] usa network [E12] 's [E21] burn notice [E22] , gless deploys her cigarettes with style ."
        ]
    },
    {
        "relation": "org:members",
        "text": [
            "`` we held a meeting to interview the team management but [E21] they [E22] did not attend , arguing that they were fearing an unjustified detention by the federal authorities , '' the [E11] fmf [E12] said in a press release on wednesday .",
            "the one-day meeting , also called extended meeting of iraq 's neighbors , was attended by senior diplomats from iraq 's six neighbors , namely iran , [E21] turkey [E22] , syria , jordan , saudi arabia and kuwait , plus bahrain , egypt , the arab league , the [E11] organization of islamic conference [E12] and the un .",
            "[E11] directv [E12] has a $ 39.99 one-year deal that includes up to 200 channels , including hbo , showtime and [E21] starz [E22] free for three months ."
        ]
    },
    {
        "relation": "org:political/religious_affiliation",
        "text": [
            "meant to send a signal , a quixotic attack in sudan backfires `` we 're seeing in part a continuation of the internal battle between [E21] islamist [E22] factions , '' he said , referring to the fact that both the darfurian rebels of the [E11] justice and equality movement [E12] and sudanese government officials , though sworn enemies , share an islamist agenda .",
            "india blamed the mumbai attacks on the banned pakistan-based [E21] islamist [E22] group [E11] lashkar-e-taiba [E12] , straining already tense diplomatic ties with its neighbour .",
            "katharine jefferts schori , the presiding bishop of the [E21] episcopal church [E22] , wrote to akinola on tuesday , urging him to reconsider his plans to install martyn minns , the rector of an episcopal church in fairfax , va , as bishop of the [E11] convocation of anglicans in north america [E12] at a ceremony saturday ."
        ]
    },
    {
        "relation": "org:stateorprovince_of_headquarters",
        "text": [
            "in an appearance before the [E11] national urban league [E12] , a black civil rights organization , in orlando , [E21] florida [E22] , on saturday , obama alluded to the `` pop star '' ad .",
            "gay marriage might pose a different kind of litmus test in [E21] new hampshire [E22] , said jennifer donahue , political director of the [E11] new hampshire institute of politics [E12] .",
            "2007-12-18t10 :19:00 jason e brown executive vice president [E11] the good broker , llc [E12] 1755 the exchange , suite 270 atlanta , [E21] ga [E22] 30339 ja @thegoodbroker ."
        ]
    },
    {
        "relation": "per:charges",
        "text": [
            "the municipal higher people 's court friday rejected the appeal of [E11] wen qiang [E12] , who was sentenced to death by a lower court april 14 for accepting bribes , shielding criminal gangs , [E21] rape [E22] and failing to account for his cash and assets .",
            "previously , [E11] al-khawinay [E12] was sentenced to one year in jail for [E21] supporting the country 's minority shiite rebels [E22] and defaming the president , but was later pardoned by president ali abdullah saleh .",
            "ventura county , california prosecutors have declared that the [E21] shooting [E22] of lawrence king by 14 year-old [E11] brandon mcinerney [E12] -lrb- left -rrb- was a premeditated hate crime ."
        ]
    },
    {
        "relation": "per:stateorprovince_of_birth",
        "text": [
            "michael s turner , a cosmologist at the university of [E21] chicago [E22] , said of [E11] lange [E12] , `` he and his boomerang team got one of the biggest prizes in cosmology : they were the first to show that the geometry of the universe is flat . ''",
            "[E11] forsberg [E12] was born in 1943 in huntsville , ala. , and grew up on long island in [E21] new york [E22] .",
            "[E11] philip mayer kaiser [E12] was born in brooklyn , [E21] new york [E22] , on july 12 , 1913 , the ninth of 10 children of moishe bear and tema kaiser ."
        ]
    },
    {
        "relation": "per:title",
        "text": [
            "[E11] he [E12] immediately became a vocal member of the caucus of [E21] black representatives [E22] that formed in 1969 and that adopted its present name around the time of his arrival .",
            "ankara , april 25 -lrb- xinhua -rrb- [E11] larijani [E12] , [E21] secretary [E22] of iran 's supreme national security council -lrb- snsc -rrb- , is accompanied by deputy foreign minister abbas araqchi , snsc 's deputy secretary for international affairs javad vaeedi and deputy head of iran 's atomic energy organization -lrb- iaeo -rrb- for international affairs mohammad saeedi , according to media reports here .",
            "old dominion said that [E11] glover [E12] , an [E21] advocate [E22] for social rights , will receive his award during a closing gala on april 5 at the granby theater ."
        ]
    },
    {
        "relation": "per:stateorprovince_of_death",
        "text": [
            "[E11] catherine roraback [E12] , a lawyer who pressed the [E21] connecticut [E22] case that eventually led the us supreme court to rule that laws banning the use of contraceptives were unconstitutional , a precursor to its roe v wade decision on abortions , died wednesday in salisbury , conn .",
            "[E11] lorraine rothman [E12] , 75 , women ' s advocate rothman 's husband , alvin h rothman , [E21] died [E22] in 1995 .",
            "she was the mother of [E11] andrew goodman [E12] , one of the three young civil rights activists shot to death by rabid racists near philadelphia , [E21] miss. [E22] , in 1964 ."
        ]
    },
    {
        "relation": "org:number_of_employees/members",
        "text": [
            "the membership of [E11] lashkar-e-taiba [E12] extends to about [E21] 150,000 [E22] people , according to a midlevel officer in pakistan 's premier spy agency , the directorate for inter-services intelligence .",
            "in contrast to bermuda , where covidien has just five employees , [E11] covidien [E12] already has five factories and nearly [E21] 2,000 [E22] employees in ireland .",
            "[E11] covidien [E12] , which posted revenue of more than $ 10 billion last year , has about [E21] 42,000 [E22] employees worldwide ."
        ]
    },
    {
        "relation": "per:city_of_death",
        "text": [
            "police say [E11] samudio [E12] was kidnapped early june in rio de janeiro , driven to [E21] belo horizonte [E22] and killed at a suburban house .",
            "[E11] jefferson j. deblanc [E12] , a world war ii fighter pilot who was awarded the medal of honor for shooting down five japanese planes on a single day while running out of fuel , died nov. 22 in [E21] lafayette [E22] , la. .",
            "[E11] vladimir ladyzhenskiy [E12] of russia died after she suffered a shock in the final of the spa world championship in [E21] heinola [E22] , a southern city of finland , on saturday ."
        ]
    },
    {
        "relation": "per:spouse",
        "text": [
            "[E11] peterson [E12] leaves behind his wife , [E21] kelly [E22] , and their daughter celine .",
            "britney spears upskirt again ... ooopps `` i have underwear '' britney spears is dating a cute waiter [E11] britney spears [E12] vs. [E21] kevin federline [E22] : who 's the better parent ??",
            "kaiser is survived by [E21] his [E22] wife , hannah greeley kaiser , and three sons : robert g. kaiser , an associate editor of the washington post newspaper ; david kaiser , a professor of history in the strategy department at the u.s. naval war college ; [E11] charles kaiser [E12] , an author and journalist ."
        ]
    },
    {
        "relation": "org:website",
        "text": [
            "[E11] national congress of american indians [E12] , [E21] http://www.ncai.org/ [E22]",
            "wenger told the club 's official website [E21] wwwarsenalcom [E22] : `` my heart is tied to [E11] this football club [E12] so signing a new deal was always my intention .",
            "the [E11] national action network [E12] : [E21] http://wwwnationalactionnetworknet/ [E22] campbell 's office has said it is reviewing the case but declined to comment further ."
        ]
    },
    {
        "relation": "per:age",
        "text": [
            "[E11] michael sandy [E12] , [E21] 29 [E22] , fled his attackers by running onto the belt highway where he was struck by a car , which left the scene without stopping .",
            "[E11] lomax [E12] recalls when , at age [E21] 13 [E22] , his mother moved him and his five brothers and sisters from los angeles , california , to tuskegee , alabama , to cover the civil rights movement for nation magazine .",
            "us-born lieutenant [E11] matthew ferrara [E12] , [E21] 24 [E22] was the son of goff 's sister linda and held dual new zealand and us citizenship , goff said ."
        ]
    },
    {
        "relation": "per:city_of_birth",
        "text": [
            "[E11] murat kurnaz [E12] -lrb- born march 19 , 1982 in [E21] bremen [E22] , germany -rrb- was held in extrajudicial detention and claims to have been tortured -lsb- 1 -rsb- at the u.s. military base in kandahar , afghanistan and in the u.s. military prison at guantanamo bay naval base , cuba for four years .",
            "oscar [E11] emmanuel peterson [E12] was born in the poor st. antoine district of montreal on aug. 15 , 1925 , one of five children of daniel peterson , a west indian immigrant , and the former olivia john , whom daniel had met in [E21] montreal [E22] .",
            "named for the chief theorist of modern zionism , theodor herzl , [E11] kollek [E12] was born in [E21] nagyvaszony [E22] near budapest in 1911 and raised in vienna ."
        ]
    },
    {
        "relation": "per:date_of_death",
        "text": [
            "the family of [E11] meredith kercher [E12] , a british exchange student who was murdered last week in italy , on [E21] monday [E22] appealed to the public to provide information to the authorities on her killer .",
            "[E11] richard nolte [E12] , a middle east expert whose three-week tenure as american ambassador to egypt in 1967 ended when the country expelled him during the 1967 middle east war , even though he had sympathized with the arab cause , died [E21] nov. 22 [E22] at his home in hanover , n.h. .",
            "[E11] forsberg [E12] , a political science professor at city college of new york , died [E21] oct 19 [E22] in a bronx hospital of cancer , said her sister , celia seupel ."
        ]
    },
    {
        "relation": "org:shareholders",
        "text": [
            "last month , [E21] dcc [E22] agreed to pay euro37 .6 million -lrb- us$ 59.6 million -rrb- to [E11] fyffes [E12] and euro3 .4 million -lrb- us$ 5.4 million -rrb- to four institutional investors that also suffered losses linked to the dcc dumping of fyffes shares .",
            "the latest investigation was authorized after the supreme court in 2007 found [E21] dcc [E22] and its founder , jim flavin , guilty of selling dcc 's euro106 million -lrb- then $ 130 million -rrb- stake in fyffes after flavin -- also a [E11] fyffes [E12] director at the time -- received inside information about bad fyffes news in the pipeline .",
            "japan and the [E21] us [E22] are the two largest shareholders at the 67-member [E11] asian development bank [E12] ."
        ]
    },
    {
        "relation": "org:parents",
        "text": [
            "it is hightly unlikely that anyone with that pastime had access to a computer in the [E21] ussr [E22] in the 70 's unless they were in the employ of the gru or the [E11] kgb [E12] .",
            "`` the firm is closing its [E11] bnc mortgage [E12] llc subsidiary , '' [E21] lehman brothers [E22] said adding `` the closure affects approximately 1,200 employees in 23 us locations . ''",
            "buenos aires , argentina 2008-11-25 14:56:37 utc vicente munoz is the director of madrid-based [E21] grupo marsans [E22] , which controls [E11] aerolineas argentinas [E12] and its subsidiary austral ."
        ]
    },
    {
        "relation": "org:city_of_headquarters",
        "text": [
            "at [E11] northland church [E12] in longwood , about 20 minutes north of [E21] orlando [E22] , james li carries a concealed weapon to church services as director of security .",
            "`` the market is trying to sort out how overbought it is , '' said nick kalivas , vice president of financial research at [E11] mf global [E12] in [E21] chicago [E22] .",
            "wall street analysts said [E11] royal caribbean [E12] , which is based in [E21] miami [E22] , would earn $ 1 per share on revenue of $ 1.77 billion for the quarter ."
        ]
    },
    {
        "relation": "per:religion",
        "text": [
            "pakistan 's blasphemy law has received widespread attention following the case of [E11] asia bibi [E12] , a [E21] christian [E22] woman sentenced to death last month for insulting islam .",
            "the endorsement comes after a week in which thompson watched republican competitors wrap up endorsements from prominent conservatives : rudy giuliani from televangelist pat robertson , mitt romney from activist paul weyrich , john mccain from former presidential hopeful sen sam brownback and mike huckabee from [E11] donald wildmon [E12] , a [E21] methodist [E22] minister and founder and chairman of the american family association in tupelo , mississippi .",
            "though not a household name , wildmon has considerable clout ; [E11] his [E12] group has a vast mailing list and a proven ability to mobilize [E21] christian [E22] conservatives by the hundreds of thousands ."
        ]
    }
]